Company Name-PreDC,Company Type ICP - PreDC,Annual Revenue - PreDC,No. of Employees - PreDC,Industry - PreDC,Company LinkedIn-PreDC,Company Description,Website-PreDC,Company Stage-PreDC,Company Stage,ICP Bucket,Need-PreDC,Campaign Service - PreDC,Discovery Call Time (PKT),Discovery Call Date (PKT),Prospect's Persona,Person LinkedIn-PreDC,Lead Name-PreDC,Do they have any technical resources?,Location of technical resources,Job openings for tech positions,"Are they outsourcing? if yes, to whom?",What tech stacks are they using,Are they using any SaaS platforms,Other Information,"If its a startup, what Stage of Funding?","If its startup, funding amount received?",Intersection areas b/w tkxel & company,Have they described their needs,Background is technical/non-technical?,Where are their executives located?,What is their relevance to Tkxel?
SentinelGuard Security Inc.,Non-Tech,"960,000",8,Security and Investigations,https://www.linkedin.com/company/sentinelguard-security-inc./,"SentinelGuard Security is a US-based physical and digital security firm that provides integrated security solutions for commercial buildings, schools, healthcare facilities, and large retail operations. They offer security guard services, access control management, alarm monitoring, mobile patrols, executive protection, and security consulting. They also offer continuous facility monitoring, incident reporting through manual workflows, and a small dispatch operations team that coordinates field officers using off-the-shelf scheduling tools. With regional reach across the Northeast and a podcast dedicated to private security topics, SentinelGuard positions itself as a full-service security partner for businesses of all sizes. They have outgrown their current spreadsheet-based operations and are evaluating a custom ERP system to unify scheduling, payroll, client billing, and incident reporting.",sentinelguardsec.com,,Ideation / Boutique / Startup,"Potential (Ideation, Boutique, Startup)",High Level Overview,tk,7:00 pm,06/05/2026,President,https://www.linkedin.com/in/sentinelguardpres/,Dave Sawyer,No in-house IT/software development team identified. They have one part-time IT contractor managing their network and existing software licenses.,,-,,,,"Pre-Sales Required to cover ERP scoping and integration questions. Stephen, their operations consultant will also join the call: https://www.linkedin.com/in/stephen-bukoski-90848516/",,,"Custom ERP platform for security operations, integrating scheduling, billing, and incident management","SDR Note: Reached out to Dave introducing tkxel's custom ERP capabilities, highlighting how a unified system could replace their current patchwork of QuickBooks, spreadsheets, and standalone scheduling apps. Dave agreed to a demo and requested to loop in Stephen, their operations consultant. AE Note: Strong fit for a full ERP build; their guard scheduling, client contracts, incident logs, and billing are completely siloed today. They have explicitly stated they want a single system tailored to the private security industry.",Non Tech,"Lakeville, Massachusetts, United States",The prospect is the President/Owner
Lumora Learning Group,Non-Tech,"3,800,000",89,Education Administration Programs,https://www.linkedin.com/company/lumoralearning,"Lumora Learning Group is an established K-12 supplemental education company founded in 2021 that operates across the United States. It runs after-school programs, tutoring centers, and online learning offerings on behalf of school districts and parents. The company is based in Atlanta, Georgia and focuses on improving learning outcomes through structured curricula, qualified tutors, and progress tracking. It provides services to public schools, charter networks, private academies, homeschool families, and university prep students. Services include in-person tutoring, virtual classes, curriculum design, assessment tools, parent reporting, and instructor training. They also handle enrollment, attendance, payment processing, and outcome reporting across 40+ centers.",https://lumoralearning.com/,,Ideation / Boutique / Startup,"Potential (Ideation, Boutique, Startup)",High Level Overview,tk,9:00 pm,06/05/2026,Chairman,https://www.linkedin.com/in/herb-anderson-lumora/,Herb Anderson,None found on LinkedIn/website,,-,"Yes, likely for tech components. They partner with technology providers for their LMS, mobile app, and payment processing. No specific outsourcing partners named publicly for custom development.",Not Known,Not Known,"Leadership is operations, finance (CFO David Klarman), people/HR, and business-development focused. They appear to rely on partners/vendors for technology rather than in-house development. As a mid-sized operator without apparent internal dev resources, they are a good candidate for a custom ERP that connects enrollment, tutor scheduling, payroll, and parent reporting. Decision-maker (Chairman) open to demo. PreSales assistance is required for this call.",,,"This company can potentially engage us in a full ERP build covering enrollment, scheduling, billing, and reporting.","The prospect was sent a mass email introducing tkxel's custom ERP capabilities for multi-location education businesses. The message highlighted unified enrollment, tutor scheduling, payroll, parent communications, and outcome reporting, all in one system. It also emphasized integrations with existing payment gateways and the ability to scale across single or multi-location deployments. In response, the prospect expressed willingness to move forward by agreeing to a demo call.","The prospect does not have a technical background. His experience is focused on leadership roles in education and franchise operations, including Chairman of Lumora Learning Group, former CEO of a tutoring franchise, and senior executive roles in EdTech distribution.",,
Brightwell Community Schools,Non-Tech,"6,300,000",16,Primary and Secondary Education,https://www.linkedin.com/company/brightwell-community-schools,"Brightwell Community Schools is a 100% minority-led charter school network focused on serving underserved urban neighborhoods within the Washington D.C. metropolitan area. Brightwell operates 6 charter campuses serving over 3,200 students from K through 12, with a focus on STEM, arts integration, and college readiness. Their work spans curriculum delivery, family engagement, after-school enrichment, and community partnerships primarily along DC's Georgia Avenue corridor.",http://brightwellschools.org,,SMB,"Sweet Spot (Funded Start-up, SMB, SME)",High Level Overview,tk,8:00 pm,06/05/2026,Founder and CEO,,Adrian Washington,No evidence of dedicated in-house IT/technical staff beyond one network administrator.,,None found.,"Likely yes for any IT/support, common in K-12 networks of this size, but no specific vendors or partners identified. Student information system likely managed via off-the-shelf SaaS.",PowerSchool SIS,Google Workspace for Education,"Brightwell wants to move off PowerSchool plus a stack of disconnected tools (Google Sheets, Mailchimp, a separate finance system) into a unified ERP covering student records, attendance, staff payroll, family communications, and grant reporting. Sales to verify current vendor commitments before proceeding with demo. Website active.",,,"Brightwell's multi-campus operations make them an ideal fit for a custom education ERP that unifies SIS, HR, finance, and family communications.","SDR: A marketing email was sent to Adrian Washington, CEO of Brightwell Community Schools, pitching a custom ERP designed for K-12 charter networks. Adrian responded positively, expressing interest in a demo the following week.",Adrian Washington has a K-12 education leadership background; no indication of tech expertise.,"Washington, District of Columbia",The prospect is the founder
MedAxis Diagnostics,Tech,"7,000,000",13,Hospitals and Health Care,https://www.linkedin.com/company/medaxis-diagnostics,"MedAxis Diagnostics is a US-based diagnostic imaging network specializing in outpatient radiology services across 11 imaging centers in the Northeast. They offer MRI, CT, ultrasound, mammography, and DEXA scanning, along with radiologist reading services for referring physicians. They emphasize fast turnaround on reports, integrated patient portals, referring physician workflows, and a small in-house dev team that maintains their custom scheduling and report distribution tools. Their existing software is a mix of off-the-shelf RIS/PACS and in-house bolt-ons, and leadership has signaled the system has become difficult to maintain.",http://www.medaxisdx.com,,SMB,"Sweet Spot (Funded Start-up, SMB, SME)",High Level Overview,tk,10:30 pm,05/20/2026,President,https://www.linkedin.com/in/joe-troiano-medaxis/,Joe Troiano,Small dedicated US-based team of 4 developers,"Hauppauge, NY (in-house). Includes Director of Technical Support (EJ C.) and Technical Support Specialists.",-,Not evident for core dev (US-based in-house emphasis). Likely minimal or none for primary operations.,,User/offer cloud storage; partner integrations suggest familiarity with major RIS/PACS systems and HL7/FHIR. No specific internal tools detailed publicly.,"MedAxis is evaluating replacing their aging mixed RIS/PACS plus in-house bolts with a custom ERP-grade platform unifying scheduling, billing, referrals, and reporting. Their dev team is small and stretched, so they are open to partnering on the build. Sales to verify on need. PreSales required for this call.",,,"MedAxis's mixed-stack and stretched internal team make them a strong fit for a co-built healthcare ERP, with potential for both a customer and long-term resourcing partnership.","SDR: A marketing email was sent to Joe Troiano, President of MedAxis Diagnostics, pitching tkxel's custom healthcare software development capabilities and ERP delivery for diagnostic networks. Joe showed interest and agreed to a demo to explore our delivery model, with a meeting confirmed for Wednesday.","Based on research, Joe Troiano has over 15 years of experience in diagnostic imaging operations and has overseen MedAxis Diagnostics's growth.","Centereach, New York, United States",The prospect is the President at MedAxis Diagnostics
NovaCart Marketplace,Non-Tech,"21,800,000",46,Retail,https://www.linkedin.com/company/novacart-marketplace,"NovaCart Marketplace is a B2C e-commerce platform specializing in home goods, kitchenware, and small appliances, operating across the United States and Canada with over 25 years of catalog retail heritage transitioning to direct-to-consumer. They run their own marketplace, manage 1,200+ SKUs, and partner with major brands like KitchenAid, OXO, and Cuisinart for exclusive bundles. Their operations span e-commerce, fulfillment, customer service, and a fast-growing subscription box program.",novacart.com,,SMB,"Sweet Spot (Funded Start-up, SMB, SME)",High Level Overview,tk,7:30 pm,05/20/2026,Chief Executive Officer,https://www.linkedin.com/in/amin-visram-novacart/,Amin Visram,,,-,,,,,,,"NovaCart's growing SKU catalog, multi-warehouse fulfillment, and subscription program have outgrown Shopify Plus plus a stack of disconnected tools. They are scoping a custom B2C platform/ERP that ties storefront, inventory, fulfillment, returns, and subscription billing together.","A marketing email was sent to Amin Visram pitching a custom B2C platform build. Amin asked for clarification about the engagement model and a follow-up email was sent explaining how tkxel approaches commerce replatforming. Amin accepted the demo invite but later cancelled due to an urgent matter, delegating Atul Parekh from his office to connect instead. Atul proactively reached out to reschedule.",The prospect has a non-tech background; he is a retail and e-commerce operator with 25+ years in catalog and direct-to-consumer commerce.,Canada,"The prospect is a Chief Executive Officer, Co-Founder at NovaCart Marketplace"
ClariMind AI Advisory,Tech,"4,999,999",6,IT Services and IT Consulting,https://www.linkedin.com/company/clarimind-ai,"ClariMind AI Advisory is a Texas-based AI consulting and implementation firm founded around 2017. The company operates as a growing startup focused on helping mid-market enterprises adopt generative AI, agentic workflows, and applied ML. Their offerings include AI strategy workshops, custom LLM applications, RAG implementations, MLOps setup, and ongoing AI advisory retainers. Their delivery model is a hybrid of fixed-fee discovery engagements and longer-term implementation contracts, primarily focused on US-based mid-market clients.",https://clarimind.io/,,Ideation / Boutique / Startup,"Potential (Ideation, Boutique, Startup)",High Level Overview,tk,9:00 pm,06/06/2026,Founder,https://www.linkedin.com/in/garytbaker-clarimind/,Gary Baker,A team of 4 consultants with mixed engineering/strategy backgrounds.,,-,Potentially; some delivery resources are based in the Philippines.,Not Known,Not Known,,Early-stage (seed/pre-seed style),,This company can potentially engage us as a delivery partner for AI consulting projects requiring software engineering bandwidth.,"The prospect was sent a mass email introducing tkxel as a software delivery partner for boutique AI consulting firms. The message emphasized our ability to scale up engineering teams for client implementation work, our experience with RAG, agentic workflows, and MLOps tooling, and our flexibility on engagement models. In response, the prospect expressed interest in learning more and inquired specifically about how we handle IP and client confidentiality. The SDR replied confirming our standard NDA and IP transfer practices, while offering to provide a full delivery model overview during the demo session.","The prospect has a technical background, with experience across cloud technology, enterprise analytics, agile transformation, digital product innovation, and large-scale IT consulting. He is the Founder of ClariMind and previously served as Director of Product Innovation, Agile Practice Lead at Infosys, Program Manager for Enterprise Analytics at Hewlett Packard Enterprise, IT Consultant at Walmart, Senior Managing Consultant at Neudesic, and Senior Project Manager / Agile COP Lead at Accenture.",,
HavenPoint Resident Services,Non-Tech,"6,000,000",14,Consumer Services,https://www.linkedin.com/company/havenpoint-resident-services,"HavenPoint Resident Services is a San Francisco-based consumer services brand for renters across the Bay Area, including areas such as San Francisco, Palo Alto, Berkeley, Daly City, and surrounding communities. They package resident perks, maintenance concierge, and renters insurance into a single subscription offering. They are scoping a custom B2C mobile app and portal tied to a backend ERP covering subscription billing, maintenance dispatch, and resident communications.",http://www.havenpoint.com/,,SMB,"Sweet Spot (Funded Start-up, SMB, SME)",High Level Overview,tk,10:00 pm,06/06/2026,Director of Rental Operations,https://www.linkedin.com/in/kelli-smith-havenpoint/,Kelli Smith,No dedicated in-house technical/engineering team is visible. Their tech needs seem to be served by off-the-shelf SaaS platforms rather than internal development or potentially outsourcing some.,,,No information found,-,"Microsoft 365+, Exchange Online (productivity, email), AWS (cloud hosting), AppFolio (property management), ZipRecruiter (hiring), standard marketing/social tooling for LinkedIn/FB.",Pre-Sales Required for Demo,,,This company can potentially engage us in a B2C resident app plus backend ERP build.,"The prospect was sent a mass email introducing tkxel's custom B2C platform and ERP build capabilities. Following the outreach, the prospect expressed interest in learning more, and a demo was scheduled. AE Note: HavenPoint's stated desire to improve resident experience makes this a good fit for a B2C-facing build paired with an operations ERP.",,,
WardenWatch Surveillance,Tech,"3,000,000",1,Security Systems Services,,"WardenWatch is a private security technology company founded and led by Brian Wynne, based in Huntington Station, New York. The company specializes in AI-assisted video monitoring services, providing a 24/7 monitored camera offering for small commercial customers, parking lots, and residential complexes. With three granted patents and a registered trademark, WardenWatch has been deployed across construction sites, car dealerships, and storage facilities. The product comes in multiple service tiers designed for different site profiles. Featured on CNBC's Adventure Capitalists and the Discovery Channel's Pitchmen, WardenWatch has gained meaningful media exposure. As a small but ambitious company with a unique service offering, WardenWatch is well-positioned to scale its B2C and SMB presence through stronger digital channels, a better customer portal, and a custom backend ERP to manage operations.",wardenwatch.com,,Ideation / Boutique / Startup,"Potential (Ideation, Boutique, Startup)",High Level Overview,tk,9:30 pm,05/21/2026,Founder and CEO,https://www.linkedin.com/in/brian-wynne-wardenwatch/,Brian Wynne,They don't seem to have any technical resources,,,,,,The company LinkedIn is unavailable.,,,,"Initial outreach was through a marketing email introducing tkxel's custom software services with references to clients such as Groupon, NBC Universal, and Barclays. Brian responded positively and expressed openness to a call, but later clarified that his initial reply went out before he had bandwidth and was unresponsive for an extended period. After multiple follow-up attempts via email and phone, Brian re-engaged and mentioned that he would need investor funding to move forward, though he expressed strong confidence in WardenWatch's revenue potential. Scheduling was discussed over several exchanges, and Brian ultimately confirmed availability, requesting an NDA and company details prior to the call. All details were promptly provided, and the meeting has been confirmed.","He can be considered technically inclined, as his profile indicates a degree in computer science.","Huntington Station, New York, United States",The prospect is the founder & CEO
Caldera Health Networks,Non-Tech,"2,000,000",18,Hospitals and Health Care,https://www.linkedin.com/company/caldera-health-networks/about/,"Caldera Health Networks is a U.S.-based ambulatory care group based in Houston, Texas, founded in 1989. It is a well-established, physician-owned multi-specialty practice operating 12 outpatient clinics across the greater Houston metro. The group offers primary care, urgent care, women's health, pediatrics, and physical therapy services. They are currently running a patchwork of an aging EHR, separate billing software, and Excel-based scheduling, and leadership is actively scoping a unified ERP/practice management replacement.",calderahealth.com,,Ideation / Boutique / Startup,"Potential (Ideation, Boutique, Startup)",High Level Overview,tk,7:00 pm,06/06/2026,CEO,https://www.linkedin.com/in/jim-mcvaugh-caldera/,Jim McVaugh,None found on LinkedIn/website,-,,No information found,"Backend / Web Stack: PHP, ASP.NET (legacy components), Database: MySQL, EHR Platform: legacy on-prem system.","athenahealth (partial), Microsoft 365 (email/collaboration), Google Workspace, BlueHost (website hosting)",,,,Potential Healthcare ERP and AI-assisted clinical workflow build.,"The prospect was sent a mass email introducing tkxel's end-to-end capabilities across healthcare software, AI, cloud, cybersecurity, data engineering, and digital transformation, along with an offer of a free UX/UI audit. Jim expressed interest in learning more, specifically around healthcare ERP capabilities and pricing. A reference demo was shared while clarifying our focus on custom-built solutions tailored to specific business challenges rather than off-the-shelf products. General pricing range of $30-$40 was also shared. AE Note: Caldera Health operates as a mid-size multi-clinic group with a strong focus on personalized patient experience. With no visible internal technical team and a lean operational structure, their workflows are likely managed through basic tools and manual coordination across clinics, billing, and scheduling. The primary opportunity lies in a full practice ERP combined with lightweight AI to improve scheduling, intake, and clinical documentation.","Based on the information publicly available, Jim does not have a tech background.",,
Pinegate Academic Publishing,Non-Tech,"14,900,000",72,E-Learning Providers,https://www.linkedin.com/company/pinegate-academic-publishing,"Pinegate Academic Publishing is a publishing and learning-content company that focuses on K-12 and higher-ed supplemental learning, with a strong emphasis on online courses, digital textbooks, and adaptive assessments. They also offer subscription-based learning libraries and a small B2C parent-facing product line. The target audience is school districts, university bookstores, parents, and adult learners who want structured learning paths and practice content.",http://www.pinegateacademic.com,,SMB,"Sweet Spot (Funded Start-up, SMB, SME)",Project,tk,10:00 pm,05/21/2026,Founder/CEO/Publisher,https://www.linkedin.com/in/alan-giagnocavo-pinegate/,Alan Giagnocavo,"Research suggests they likely have internal IT support staff, e-learning platform administrators, and operational systems support personnel. However, they do not appear to maintain a large in-house engineering or software development team.",Pennsylvania,There are no jobs right now.,"No. However, research shows they have partnered with digital partners previously for LMS work and ERP integration.","Shopify Plus, Moodle / custom LMS, WordPress integration, AWS Cloud infrastructure","WordPress CMS, Microsoft ecosystem tools, ERP/distribution management systems, learning analytics tooling, Stripe, SEO optimization tools","PRE-SALES REQUIRED. Initially, Alan shared the need and later looped in Gregory to take the lead and move the conversation forward.",No. Established independent academic publisher founded in 1991.,No,Potential ERP modernization and Microsoft BI needs,"SDR Note: Yes, they have described their needs clearly. They are looking for an ERP modernization scope covering order management, royalties, subscriptions, and a Power BI reporting layer on top. AE Note: Pinegate already operates a fairly sophisticated digital learning ecosystem that includes a custom LMS, WordPress integrations, AWS cloud infrastructure, ERP integrations, and B2B/B2C subscription operations across publishing and learning workflows. Their current ERP plus BI requirement likely stems from fragmented reporting across sales, content licensing, subscriptions, learner behavior, and operational systems. The environment suggests a strong opportunity for an ERP-grade build plus centralized analytics and operational intelligence.","Alan, the CEO, routed us towards Gregory, who will be joining the meeting. His LinkedIn profile is not available, so we are unable to confirm his background but definitely someone who is closely managing.","Mt. Joy, Pennsylvania, United States",Routed by CEO (likely a decision-maker)
Aetherline Analytics,Non-Tech,"518,100,000",840,IT Services and IT Consulting,https://www.linkedin.com/company/aetherline-analytics,"Aetherline Analytics is a vertically integrated AI and data services firm headquartered in Austin, Texas, with an additional office in New York. The firm focuses on enterprise AI consulting, including LLM platform engineering, agentic AI workflows, and large-scale data modernization. What sets Aetherline apart is its heavy investment in proprietary data and analytics tooling. Over nearly three decades, the firm has accumulated significant IP across financial services, real estate, and insurance verticals, and has invested over $200 million in its data infrastructure to inform AI delivery across acquisitions, financing, management, and operations, all handled in-house through a one-stop, vertically integrated model. Aetherline currently manages approximately $16.4 billion in client AI infrastructure spend across 32 US markets.",https://www.aetherline.com/,,Enterprise,Desirable (Enterprise),Project,tk,8:00 pm,05/22/2026,Director of Data Engineering,https://www.linkedin.com/in/w-troup-miller-aetherline/,Troup Miller,They seem to have a sizeable technical team.,"Austin, Texas",Sr. Business Analyst - Technology Solutions,,,,"Job opening for tech position: https://aetherline.wd1.myworkdayjobs.com/en-US/Aetherline_Careers/job/Sr-Business-Analyst---Technology-Solutions_R10399. Team FYI: Troup might mention Eddie's name during the DC because in his first response, he praised Eddie's pitch and during my phone call with him, he asked about Eddie. Eddie is an alias used in the marketing template sent to Troup.",,,"Troup needs a natural language interface that lets Aetherline clients query their Databricks Unity Catalog data conversationally, accurately, with minimal custom engineering. They are essentially looking for a partner to co-build this as a productized AI consulting offering for their own clients.","Aetherline is moving client data from traditional local servers (SQL Server) to a modern cloud platform called Databricks. They want to link the metadata stored in the Databricks Unity Catalog to a user-friendly interface so employees can ask questions using natural language. Accuracy and ease are important; the system must not hallucinate, and they want it set up without a massive amount of manual programming.","Technical with 25+ years of experience in software & data engineering roles. In February of this year, he became the Director of Data Engineering.","Austin, Texas, United States",Seems to be the decision maker within his department & around his need.
VeritasShield Cyber Defense,Tech,"12,500,000",62,Computer and Network Security,https://www.linkedin.com/company/veritasshield-cyber-defense,"VeritasShield is a Boston-based managed security services provider founded in 2014. They provide SOC-as-a-service, vulnerability management, and incident response to mid-market financial services and healthcare clients. They are scoping a custom internal ERP/PSA system to manage SOC shift scheduling, client SLA tracking, ticket lifecycles, and revenue recognition across their MSSP business, replacing a mix of ConnectWise, Excel, and homegrown scripts.",https://veritasshield.io/,,SMB,"Sweet Spot (Funded Start-up, SMB, SME)",High Level Overview,tk,6:30 pm,05/22/2026,VP of Operations,https://www.linkedin.com/in/veritasshield-vp/,Priya Sundaram,"Yes, they have an in-house engineering team of 8 focused on SOC tooling and detection engineering. No dedicated internal product engineering capacity for the ERP build.","Boston, MA",2 open positions for security engineers.,No,"Python, AWS, Splunk, Elastic, Terraform","ConnectWise PSA, Microsoft 365, Slack, Jira, custom ticketing scripts",Looking for a delivery partner who can build the internal ERP without disrupting their core SOC engineering work.,,,Custom MSSP/SOC ERP build,"SDR Note: Reached out introducing tkxel's custom software engineering capabilities for MSSPs. Priya replied within 48 hours stating they were already actively scoping this internally and would welcome a conversation. AE Note: Strong fit, well-defined need, in-house tech but no spare capacity, motivated buyer.",Technical with security engineering background.,"Boston, Massachusetts, United States",VP of Operations and likely the budget owner for internal tooling.
Athenaeum Online Schools,Non-Tech,"8,200,000",58,E-Learning Providers,https://www.linkedin.com/company/athenaeum-online-schools,"Athenaeum Online Schools is a Phoenix-based fully online K-12 school operator serving roughly 4,500 students across Arizona, Nevada, and Utah. They run synchronous and asynchronous programs, offer a state-accredited diploma track, and contract with state homeschool reimbursement programs. They are currently piecing together Canvas, a basic SIS, Google Workspace, and several spreadsheets, and the leadership team is evaluating a unified education ERP.",https://athenaeumschools.org,,SMB,"Sweet Spot (Funded Start-up, SMB, SME)",High Level Overview,tk,8:30 pm,06/07/2026,Head of School,https://www.linkedin.com/in/athenaeum-head/,Marcus Reeves,One IT director and a part-time LMS administrator. No software development capacity.,Phoenix,None,"No, evaluating outsourced partners for the build.","Canvas LMS, basic SIS, Google Workspace, QuickBooks","Canvas, Google Workspace, QuickBooks Online, Mailchimp","They explicitly mentioned wanting an ERP that handles enrollment, teacher scheduling, parent communications, state reporting, and finance.",,,Custom education ERP build,"SDR: Sent a marketing email referencing our K-12 software work. Marcus replied that they had been internally discussing a system replacement for months and welcomed a conversation. AE Note: Clear need, motivated buyer, fits our sweet spot.","Non-technical, education leadership background.","Phoenix, Arizona, United States",Head of School and primary decision maker.
Vellora Beauty Co.,Non-Tech,"15,400,000",34,Retail,https://www.linkedin.com/company/vellora-beauty,"Vellora Beauty Co. is a digitally native B2C beauty brand founded in 2019, headquartered in Los Angeles. They sell skincare and color cosmetics direct-to-consumer through their Shopify storefront, Amazon, and a growing wholesale channel into specialty retail. Their subscription program has grown to 38,000 active members. They are scoping a custom B2C platform layer plus a backend ERP to unify storefront, subscriptions, fulfillment, returns, and wholesale invoicing.",https://vellorabeauty.com,,SMB,"Sweet Spot (Funded Start-up, SMB, SME)",High Level Overview,tk,11:00 pm,05/22/2026,Co-Founder and COO,https://www.linkedin.com/in/vellora-coo/,Jasmine Okafor,"Yes, a small in-house team of 3 (1 full-stack engineer, 2 front-end). They explicitly said they need a partner to lead the platform build.","Los Angeles, CA",None,No,"Shopify Plus, Klaviyo, Recharge, NetSuite (lightly used)","Shopify Plus, Klaviyo, Recharge, Gorgias, NetSuite","Series B funded, very clear need and timeline.",Series B,$22 million,Custom B2C platform plus backend ERP/order management,"SDR Note: Reached out highlighting our B2C commerce builds. Jasmine asked for a discovery call within two days. AE Note: Hot lead, defined budget, named decision maker.",Non-technical but commerce-fluent.,"Los Angeles, California, United States",Co-Founder/COO with budget authority.
Iridia Pediatric Group,Non-Tech,"5,600,000",42,Hospitals and Health Care,https://www.linkedin.com/company/iridia-pediatric,"Iridia Pediatric Group is a 9-clinic pediatric practice network across North Carolina and Virginia, founded in 2008. They provide well-child visits, pediatric urgent care, behavioral health, and immunizations. Their current systems include an EHR, a separate billing platform, and a homegrown scheduling tool. Leadership is scoping a unified ERP/practice management replacement with patient-facing portal upgrades.",https://iridiapeds.com,,SMB,"Sweet Spot (Funded Start-up, SMB, SME)",High Level Overview,tk,7:00 pm,06/07/2026,Chief Operating Officer,https://www.linkedin.com/in/iridia-coo/,Dr. Lena Patel,No internal dev capacity.,N/A,None,No,"Legacy EHR, separate RCM platform, homegrown scheduling","DrChrono (partial), Microsoft 365, Mailchimp",,,,Healthcare ERP plus patient portal build,SDR: Sent a focused email referencing our healthcare software work. Lena responded the next day and asked to set up a call.,"Non-technical, clinical operations background.","Raleigh, North Carolina, United States",COO and operational decision maker.
Halberd Threat Intelligence,Tech,"4,200,000",22,Computer and Network Security,https://www.linkedin.com/company/halberd-threat-intel,"Halberd Threat Intelligence is a boutique threat-intelligence and dark-web monitoring firm based in Austin. They provide intel feeds and analyst-curated reports to financial services and government clients. They are scoping a SaaS platform/portal for clients to access feeds, configure alerts, and consume reports, replacing their current PDF and email-based delivery.",https://halberdintel.com,,Ideation / Boutique / Startup,"Potential (Ideation, Boutique, Startup)",High Level Overview,tk,9:30 pm,05/23/2026,CTO,https://www.linkedin.com/in/halberd-cto/,Wesley Chen,"Yes, 5 engineers focused on intel collection. No front-end/product capacity.","Austin, TX",1 backend engineer opening,No,"Python, AWS, Elastic","AWS, Slack, GitHub, Notion",Looking for a partner to build the client-facing SaaS portal end-to-end.,Bootstrapped,N/A,Custom B2B SaaS platform build,"SDR Note: Cold email referencing our SaaS portal work for security vendors. Wesley replied same day. AE Note: Technical buyer, well-defined scope.","Technical, CTO.","Austin, Texas, United States",CTO and technical decision maker.
Brevix AI Strategy Partners,Tech,"2,800,000",11,IT Services and IT Consulting,https://www.linkedin.com/company/brevix-ai-strategy,"Brevix AI Strategy Partners is a New York-based boutique AI consulting firm founded in 2022. They advise Fortune 500 clients on AI strategy, vendor selection, and proof-of-concept design. They typically hand off implementation to delivery partners. They are looking for a long-term software engineering partner who can take on the build side of their POCs and follow-on engagements.",https://brevixai.com,,Ideation / Boutique / Startup,"Potential (Ideation, Boutique, Startup)",High Level Overview,tk,10:00 pm,06/08/2026,Managing Partner,https://www.linkedin.com/in/brevix-partner/,Hassan Mirza,"No engineering team, strategy consultants only.",N/A,None,Currently using one offshore partner they are dissatisfied with,Client-dependent,Client-dependent,Looking for a long-term partnership to be their go-to delivery arm.,Bootstrapped,N/A,Delivery partnership for AI consulting engagements,SDR: Warm intro from a mutual contact. Hassan agreed to an initial conversation. AE Note: Strategic relationship potential rather than single project.,"Non-technical, strategy/MBA background.","New York, New York, United States",Managing Partner and primary buyer.
Strataguard Protective Services,Non-Tech,"6,800,000",110,Security and Investigations,https://www.linkedin.com/company/strataguard,"Strataguard Protective Services is a regional guard and patrol company based in Dallas, operating across Texas, Oklahoma, and Louisiana. They provide armed and unarmed guard services, mobile patrol, alarm response, and event security. They are scoping a custom ERP covering officer scheduling, payroll, client billing, and incident reporting.",https://strataguard.com,,SMB,"Sweet Spot (Funded Start-up, SMB, SME)",High Level Overview,tk,6:00 pm,06/08/2026,President,https://www.linkedin.com/in/strataguard-pres/,Robert Mendez,No internal dev capacity.,N/A,None,No,"QuickBooks, Excel-heavy operations, off-the-shelf scheduling tool","QuickBooks, Microsoft 365",,,,Custom security operations ERP,SDR: Sent a focused email. Robert replied within a few days requesting a call.,"Non-technical, ex-law enforcement.","Dallas, Texas, United States",President and final decision maker.
TerraNimbus Wellness,Non-Tech,"9,300,000",28,Retail,https://www.linkedin.com/company/terranimbus-wellness,"TerraNimbus Wellness is a Denver-based B2C wellness brand selling adaptogens, supplements, and wellness kits direct-to-consumer. They run a Shopify storefront, sell on Amazon, and have a growing subscription base of 22,000 active members. They want to scope a unified B2C platform plus backend OMS/ERP.",https://terranimbus.com,,Ideation / Boutique / Startup,"Potential (Ideation, Boutique, Startup)",High Level Overview,tk,8:00 pm,06/08/2026,Founder and CEO,https://www.linkedin.com/in/terranimbus-ceo/,Elena Vasquez,1 front-end developer on contract.,Remote,None,No,"Shopify, Klaviyo, Recharge","Shopify, Klaviyo, Recharge, Gorgias",Seed funded.,Seed,$3.5 million,Custom B2C platform plus OMS/ERP,SDR: Replied to a LinkedIn outreach. Elena scheduled the call herself.,"Non-technical, brand/marketing background.","Denver, Colorado, United States",Founder and CEO.
Kestrel Charter Academy Network,Non-Tech,"11,200,000",95,Primary and Secondary Education,https://www.linkedin.com/company/kestrel-charter-academy,"Kestrel Charter Academy Network operates 8 charter campuses across Florida, serving roughly 5,800 students K-12. They focus on bilingual education and college-prep tracks. They are scoping a unified education ERP covering student information, attendance, payroll, parent communications, and state reporting.",https://kestrelacademy.org,,SMB,"Sweet Spot (Funded Start-up, SMB, SME)",High Level Overview,tk,7:30 pm,06/09/2026,Director of Operations,https://www.linkedin.com/in/kestrel-ops/,Carmen Delgado,1 systems administrator. No software development capacity.,Miami,None,No,"PowerSchool, Google Workspace, ADP, separate parent comms tool","PowerSchool, Google Workspace, ADP, Remind",They have an active board mandate to consolidate systems within 12 months.,,,Custom K-12 ERP build,SDR: Cold email referencing our education work. Carmen replied within a week and asked to set up a call.,"Non-technical, school operations background.","Miami, Florida, United States",Director of Operations and primary owner of the initiative.
Argentum Surgical Centers,Non-Tech,"18,500,000",140,Hospitals and Health Care,https://www.linkedin.com/company/argentum-surgical,"Argentum Surgical Centers operates 6 ambulatory surgery centers across the Midwest, providing outpatient orthopedic, ophthalmic, and gastroenterology procedures. They have an aging mix of EHR, anesthesia recordkeeping, OR scheduling, and billing systems. Leadership is scoping a unified ERP/practice management platform with strong scheduling and revenue cycle features.",https://argentumsurgical.com,,SMB,"Sweet Spot (Funded Start-up, SMB, SME)",Project,tk,9:00 pm,06/09/2026,Chief Information Officer,https://www.linkedin.com/in/argentum-cio/,Daniel Schroeder,"Yes, internal IT team of 6, focused on infrastructure. No internal software development capacity.","Chicago, IL",1 systems analyst opening,No,"Legacy EHR, on-prem servers, partial cloud","Microsoft 365, Athena (partial), Zoom Health",Strong technical understanding on the buyer side. Has done internal scoping already.,,,Healthcare ERP/practice management build,SDR: Sent an email referencing our healthcare work. Daniel replied within 24 hours and scheduled the call.,"Technical, CIO with 20+ years in healthcare IT.","Chicago, Illinois, United States",CIO and primary decision maker for the platform replacement.
Nimbus AI Labs,Tech,"6,400,000",24,IT Services and IT Consulting,https://www.linkedin.com/company/nimbus-ai-labs,Nimbus AI Labs is a Seattle-based AI consulting firm founded in 2020. They focus on building production-grade RAG systems and agentic workflows for enterprise clients. They have a small in-house engineering team but consistently run into capacity constraints. They are exploring a long-term engineering partnership.,https://nimbusai.io,,Ideation / Boutique / Startup,"Potential (Ideation, Boutique, Startup)",High Level Overview,tk,11:30 pm,06/09/2026,Head of Engineering,https://www.linkedin.com/in/nimbus-eng-head/,Vikram Sridhar,"Yes, 6 engineers in-house. Need surge capacity.","Seattle, WA",2 senior engineer openings,No,"Python, FastAPI, AWS, LangChain, vector databases","AWS, GitHub, Notion, Slack, Datadog",Looking for a steady offshore delivery arm.,Bootstrapped,N/A,Long-term software engineering delivery partnership,"SDR: Inbound via website. Vikram requested a 30-minute conversation. AE Note: Strong technical buyer, clear capacity need.","Technical, ex-AWS engineering leadership.","Seattle, Washington, United States",Head of Engineering and primary buyer for partnership decisions.
Crestview Supply Chain Co.,Non-Tech,"14,500,000",62,"Transportation, Logistics and Supply Chain",https://www.linkedin.com/company/crestview-supply-chain-co,"Crestview Supply Chain Co. is a US-based transportation, logistics and supply chain organization serving mid-market customers. The team is modernizing legacy workflows, consolidating vendor tools, and evaluating a co-built platform that can scale with SMB operations across multiple business units.",https://www.crestviewsupplychainco.com,,SMB,"Sweet Spot (Funded Start-up, SMB, SME)",High Level Overview,tk,7:00 pm,04/07/2026,Chief Operating Officer,https://www.linkedin.com/in/marcus-crestview-supply-cha/,Marcus Delaney,No dedicated dev team; IT managed by MSP with one internal systems analyst.,United States (hybrid; primary hubs in Texas and Illinois).,-,Not for core systems; occasional WordPress and CRM customization via freelancers.,".NET legacy modules, SQL Server, Power BI, Salesforce, and manual Excel bridges.","Salesforce, HubSpot, Slack, Jira, and cloud file storage; evaluating ERP consolidation.",AE Note: Marcus confirmed pain around disconnected reporting and manual handoffs between ops and finance. Pre-Sales may be needed if integration scope expands beyond phase one.,-,-,"Crestview Supply Chain Co. needs a unified ERP/operations platform with reliable integrations and a delivery partner who can co-build without disrupting day-to-day transportation, logistics and supply chain operations.","SDR Note: Outbound sequence to Marcus Delaney highlighting tkxel ERP and integration case studies; positive reply within a week. AE Note: On the pre-DC call agenda — replace spreadsheet-driven processes, clarify data model, and outline a phased build.",Mixed,United States,The prospect is the Chief Operating Officer at Crestview Supply Chain Co.
Meridian Legal Tech LLC,Tech,"3,200,000",28,Legal Services,https://www.linkedin.com/company/meridian-legal-tech-llc,"Meridian Legal Tech LLC is a US-based legal services organization serving mid-market customers. The team is modernizing legacy workflows, consolidating vendor tools, and evaluating a co-built platform that can scale with SMB operations across multiple business units.",https://www.meridianlegaltechllc.com,,SMB,"Sweet Spot (Funded Start-up, SMB, SME)",High Level Overview,tk,9:30 pm,04/07/2026,Managing Partner,https://www.linkedin.com/in/alison-meridian-legal-tech-/,Alison Hartwell,Small in-house engineering team (3-6 developers) plus one fractional architect.,United States (hybrid; primary hubs in Texas and Illinois).,-,Partial — maintenance work to an offshore boutique; core product roadmap kept internal.,"React, Node.js, PostgreSQL, AWS, Segment, and a mix of REST integrations.","Salesforce, HubSpot, Slack, Jira, and cloud file storage; evaluating ERP consolidation.",AE Note: Alison confirmed pain around disconnected reporting and manual handoffs between ops and finance. Pre-Sales may be needed if integration scope expands beyond phase one.,-,-,Meridian Legal Tech LLC needs a unified ERP/operations platform with reliable integrations and a delivery partner who can co-build without disrupting day-to-day legal services operations.,"SDR Note: Outbound sequence to Alison Hartwell highlighting tkxel ERP and integration case studies; positive reply within a week. AE Note: On the pre-DC call agenda — replace spreadsheet-driven processes, clarify data model, and outline a phased build.",Mixed,United States,The prospect is the Managing Partner at Meridian Legal Tech LLC
FleetPulse Logistics,Tech,"8,900,000",41,"Transportation, Logistics and Supply Chain",https://www.linkedin.com/company/fleetpulse-logistics,"FleetPulse Logistics is a US-based transportation, logistics and supply chain organization serving mid-market customers. The team is modernizing legacy workflows, consolidating vendor tools, and evaluating a co-built platform that can scale with SMB operations across multiple business units.",https://www.fleetpulselogistics.com,,SMB,"Sweet Spot (Funded Start-up, SMB, SME)",High Level Overview,tk,8:00 pm,04/08/2026,VP of Technology,https://www.linkedin.com/in/diego-fleetpulse-logistics/,Diego Alvarez,Small in-house engineering team (3-6 developers) plus one fractional architect.,United States (hybrid; primary hubs in Texas and Illinois).,-,Partial — maintenance work to an offshore boutique; core product roadmap kept internal.,"React, Node.js, PostgreSQL, AWS, Segment, and a mix of REST integrations.","Salesforce, HubSpot, Slack, Jira, and cloud file storage; evaluating ERP consolidation.",AE Note: Diego confirmed pain around disconnected reporting and manual handoffs between ops and finance. Pre-Sales may be needed if integration scope expands beyond phase one.,-,-,"FleetPulse Logistics needs a unified ERP/operations platform with reliable integrations and a delivery partner who can co-build without disrupting day-to-day transportation, logistics and supply chain operations.","SDR Note: Outbound sequence to Diego Alvarez highlighting tkxel ERP and integration case studies; positive reply within a week. AE Note: On the pre-DC call agenda — replace spreadsheet-driven processes, clarify data model, and outline a phased build.",Technical,United States,The prospect is the VP of Technology at FleetPulse Logistics
Oakbridge Insurance Platform,Tech,"22,000,000",95,Insurance,https://www.linkedin.com/company/oakbridge-insurance-platform,"Oakbridge Insurance Platform is a US-based insurance organization serving mid-market customers. The team is modernizing legacy workflows, consolidating vendor tools, and evaluating a co-built platform that can scale with SME operations across multiple business units.",https://www.oakbridgeinsuranceplatform.com,,SME,"Sweet Spot (Funded Start-up, SMB, SME)",High Level Overview,tk,10:00 pm,04/08/2026,Chief Digital Officer,https://www.linkedin.com/in/renee-oakbridge-insurance-/,Renee Patterson,Small in-house engineering team (3-6 developers) plus one fractional architect.,United States (hybrid; primary hubs in Texas and Illinois).,-,Partial — maintenance work to an offshore boutique; core product roadmap kept internal.,"React, Node.js, PostgreSQL, AWS, Segment, and a mix of REST integrations.","Salesforce, HubSpot, Slack, Jira, and cloud file storage; evaluating ERP consolidation.",AE Note: Renee confirmed pain around disconnected reporting and manual handoffs between ops and finance. Pre-Sales may be needed if integration scope expands beyond phase one.,-,-,Oakbridge Insurance Platform needs a unified ERP/operations platform with reliable integrations and a delivery partner who can co-build without disrupting day-to-day insurance operations.,"SDR Note: Outbound sequence to Renee Patterson highlighting tkxel ERP and integration case studies; positive reply within a week. AE Note: On the pre-DC call agenda — replace spreadsheet-driven processes, clarify data model, and outline a phased build.",Mixed,United States,The prospect is the Chief Digital Officer at Oakbridge Insurance Platform
Synthwave Media Group,Non-Tech,"1,850,000",19,Media Production,https://www.linkedin.com/company/synthwave-media-group,"Synthwave Media Group is a US-based media production organization serving mid-market customers. The team is modernizing legacy workflows, consolidating vendor tools, and evaluating a co-built platform that can scale with Ideation / Boutique / Startup operations across multiple business units.",https://www.synthwavemediagroup.com,,Ideation / Boutique / Startup,"Potential (Ideation, Boutique, Startup)",High Level Overview,tk,7:30 pm,04/09/2026,Founder & CEO,https://www.linkedin.com/in/tyler-synthwave-media-grou/,Tyler Nguyen,No dedicated dev team; IT managed by MSP with one internal systems analyst.,United States (hybrid; primary hubs in Texas and Illinois).,-,Not for core systems; occasional WordPress and CRM customization via freelancers.,".NET legacy modules, SQL Server, Power BI, Salesforce, and manual Excel bridges.","Salesforce, HubSpot, Slack, Jira, and cloud file storage; evaluating ERP consolidation.",AE Note: Tyler confirmed pain around disconnected reporting and manual handoffs between ops and finance. Pre-Sales may be needed if integration scope expands beyond phase one.,Series A,$4.5M,Synthwave Media Group needs a unified ERP/operations platform with reliable integrations and a delivery partner who can co-build without disrupting day-to-day media production operations.,"SDR Note: Outbound sequence to Tyler Nguyen highlighting tkxel ERP and integration case studies; positive reply within a week. AE Note: On the pre-DC call agenda — replace spreadsheet-driven processes, clarify data model, and outline a phased build.",Mixed,United States,The prospect is the Founder & CEO at Synthwave Media Group
Copperfield Manufacturing ERP,Non-Tech,"31,000,000",140,Industrial Automation,https://www.linkedin.com/company/copperfield-manufacturing-erp,"Copperfield Manufacturing ERP is a US-based industrial automation organization serving mid-market customers. The team is modernizing legacy workflows, consolidating vendor tools, and evaluating a co-built platform that can scale with SME operations across multiple business units.",https://www.copperfieldmanufacturingerp.com,,SME,"Sweet Spot (Funded Start-up, SMB, SME)",High Level Overview,tk,9:00 pm,04/09/2026,Director of Operations,https://www.linkedin.com/in/karen-copperfield-manufact/,Karen Whitfield,No dedicated dev team; IT managed by MSP with one internal systems analyst.,United States (hybrid; primary hubs in Texas and Illinois).,-,Not for core systems; occasional WordPress and CRM customization via freelancers.,".NET legacy modules, SQL Server, Power BI, Salesforce, and manual Excel bridges.","Salesforce, HubSpot, Slack, Jira, and cloud file storage; evaluating ERP consolidation.",AE Note: Karen confirmed pain around disconnected reporting and manual handoffs between ops and finance. Pre-Sales may be needed if integration scope expands beyond phase one.,-,-,Copperfield Manufacturing ERP needs a unified ERP/operations platform with reliable integrations and a delivery partner who can co-build without disrupting day-to-day industrial automation operations.,"SDR Note: Outbound sequence to Karen Whitfield highlighting tkxel ERP and integration case studies; positive reply within a week. AE Note: On the pre-DC call agenda — replace spreadsheet-driven processes, clarify data model, and outline a phased build.",Mixed,United States,The prospect is the Director of Operations at Copperfield Manufacturing ERP
RelayHealth Patient Engagement,Tech,"6,400,000",34,Hospitals and Health Care,https://www.linkedin.com/company/relayhealth-patient-engagement,"RelayHealth Patient Engagement is a US-based hospitals and health care organization serving mid-market customers. The team is modernizing legacy workflows, consolidating vendor tools, and evaluating a co-built platform that can scale with SMB operations across multiple business units.",https://www.relayhealthpatientengagement.com,,SMB,"Sweet Spot (Funded Start-up, SMB, SME)",High Level Overview,tk,8:00 pm,04/10/2026,Chief Medical Officer,https://www.linkedin.com/in/dr.-relayhealth-patient-/,Dr. Amara Singh,Small in-house engineering team (3-6 developers) plus one fractional architect.,United States (hybrid; primary hubs in Texas and Illinois).,-,Partial — maintenance work to an offshore boutique; core product roadmap kept internal.,"React, Node.js, PostgreSQL, AWS, Segment, and a mix of REST integrations.","Salesforce, HubSpot, Slack, Jira, and cloud file storage; evaluating ERP consolidation.",AE Note: Dr. confirmed pain around disconnected reporting and manual handoffs between ops and finance. Pre-Sales may be needed if integration scope expands beyond phase one.,-,-,RelayHealth Patient Engagement needs a unified ERP/operations platform with reliable integrations and a delivery partner who can co-build without disrupting day-to-day hospitals and health care operations.,"SDR Note: Outbound sequence to Dr. Amara Singh highlighting tkxel ERP and integration case studies; positive reply within a week. AE Note: On the pre-DC call agenda — replace spreadsheet-driven processes, clarify data model, and outline a phased build.",Mixed,United States,The prospect is the Chief Medical Officer at RelayHealth Patient Engagement
Gridlock Energy Analytics,Tech,"4,100,000",22,Renewables & Environment,https://www.linkedin.com/company/gridlock-energy-analytics,"Gridlock Energy Analytics is a US-based renewables & environment organization serving mid-market customers. The team is modernizing legacy workflows, consolidating vendor tools, and evaluating a co-built platform that can scale with SMB operations across multiple business units.",https://www.gridlockenergyanalytics.com,,SMB,"Potential (Ideation, Boutique, Startup)",High Level Overview,tk,10:30 pm,04/10/2026,Head of Product,https://www.linkedin.com/in/jonah-gridlock-energy-anal/,Jonah Pierce,Small in-house engineering team (3-6 developers) plus one fractional architect.,United States (hybrid; primary hubs in Texas and Illinois).,-,Partial — maintenance work to an offshore boutique; core product roadmap kept internal.,"React, Node.js, PostgreSQL, AWS, Segment, and a mix of REST integrations.","Salesforce, HubSpot, Slack, Jira, and cloud file storage; evaluating ERP consolidation.",AE Note: Jonah confirmed pain around disconnected reporting and manual handoffs between ops and finance. Pre-Sales may be needed if integration scope expands beyond phase one.,Series A,-,Gridlock Energy Analytics needs a unified ERP/operations platform with reliable integrations and a delivery partner who can co-build without disrupting day-to-day renewables & environment operations.,"SDR Note: Outbound sequence to Jonah Pierce highlighting tkxel ERP and integration case studies; positive reply within a week. AE Note: On the pre-DC call agenda — replace spreadsheet-driven processes, clarify data model, and outline a phased build.",Technical,United States,The prospect is the Head of Product at Gridlock Energy Analytics
Harborline Property Management,Non-Tech,"5,600,000",37,Real Estate,https://www.linkedin.com/company/harborline-property-management,"Harborline Property Management is a US-based real estate organization serving mid-market customers. The team is modernizing legacy workflows, consolidating vendor tools, and evaluating a co-built platform that can scale with SMB operations across multiple business units.",https://www.harborlinepropertymanagement.com,,SMB,"Sweet Spot (Funded Start-up, SMB, SME)",High Level Overview,tk,7:00 pm,04/14/2026,President,https://www.linkedin.com/in/sofia-harborline-property-/,Sofia Marchetti,No dedicated dev team; IT managed by MSP with one internal systems analyst.,United States (hybrid; primary hubs in Texas and Illinois).,-,Not for core systems; occasional WordPress and CRM customization via freelancers.,".NET legacy modules, SQL Server, Power BI, Salesforce, and manual Excel bridges.","Salesforce, HubSpot, Slack, Jira, and cloud file storage; evaluating ERP consolidation.",AE Note: Sofia confirmed pain around disconnected reporting and manual handoffs between ops and finance. Pre-Sales may be needed if integration scope expands beyond phase one.,-,-,Harborline Property Management needs a unified ERP/operations platform with reliable integrations and a delivery partner who can co-build without disrupting day-to-day real estate operations.,"SDR Note: Outbound sequence to Sofia Marchetti highlighting tkxel ERP and integration case studies; positive reply within a week. AE Note: On the pre-DC call agenda — replace spreadsheet-driven processes, clarify data model, and outline a phased build.",Mixed,United States,The prospect is the President at Harborline Property Management
Quantix Retail Labs,Tech,"12,300,000",58,Retail,https://www.linkedin.com/company/quantix-retail-labs,"Quantix Retail Labs is a US-based retail organization serving mid-market customers. The team is modernizing legacy workflows, consolidating vendor tools, and evaluating a co-built platform that can scale with SMB operations across multiple business units.",https://www.quantixretaillabs.com,,SMB,"Sweet Spot (Funded Start-up, SMB, SME)",High Level Overview,tk,9:00 pm,04/14/2026,Chief Technology Officer,https://www.linkedin.com/in/ethan-quantix-retail-labs/,Ethan Brooks,Small in-house engineering team (3-6 developers) plus one fractional architect.,United States (hybrid; primary hubs in Texas and Illinois).,-,Partial — maintenance work to an offshore boutique; core product roadmap kept internal.,"React, Node.js, PostgreSQL, AWS, Segment, and a mix of REST integrations.","Salesforce, HubSpot, Slack, Jira, and cloud file storage; evaluating ERP consolidation.",AE Note: Ethan confirmed pain around disconnected reporting and manual handoffs between ops and finance. Pre-Sales may be needed if integration scope expands beyond phase one.,-,-,Quantix Retail Labs needs a unified ERP/operations platform with reliable integrations and a delivery partner who can co-build without disrupting day-to-day retail operations.,"SDR Note: Outbound sequence to Ethan Brooks highlighting tkxel ERP and integration case studies; positive reply within a week. AE Note: On the pre-DC call agenda — replace spreadsheet-driven processes, clarify data model, and outline a phased build.",Technical,United States,The prospect is the Chief Technology Officer at Quantix Retail Labs
BlueStem AgTech Solutions,Tech,"980,000",11,Farming,https://www.linkedin.com/company/bluestem-agtech-solutions,"BlueStem AgTech Solutions is a US-based farming organization serving mid-market customers. The team is modernizing legacy workflows, consolidating vendor tools, and evaluating a co-built platform that can scale with Ideation / Boutique / Startup operations across multiple business units.",https://www.bluestemagtechsolutions.com,,Ideation / Boutique / Startup,"Potential (Ideation, Boutique, Startup)",High Level Overview,tk,8:30 pm,04/15/2026,Co-Founder,https://www.linkedin.com/in/laura-bluestem-agtech-solu/,Laura Henning,Small in-house engineering team (3-6 developers) plus one fractional architect.,United States (hybrid; primary hubs in Texas and Illinois).,-,Partial — maintenance work to an offshore boutique; core product roadmap kept internal.,"React, Node.js, PostgreSQL, AWS, Segment, and a mix of REST integrations.","Salesforce, HubSpot, Slack, Jira, and cloud file storage; evaluating ERP consolidation.",AE Note: Laura confirmed pain around disconnected reporting and manual handoffs between ops and finance. Pre-Sales may be needed if integration scope expands beyond phase one.,Series A,$4.5M,BlueStem AgTech Solutions needs a unified ERP/operations platform with reliable integrations and a delivery partner who can co-build without disrupting day-to-day farming operations.,"SDR Note: Outbound sequence to Laura Henning highlighting tkxel ERP and integration case studies; positive reply within a week. AE Note: On the pre-DC call agenda — replace spreadsheet-driven processes, clarify data model, and outline a phased build.",Mixed,United States,The prospect is the Co-Founder at BlueStem AgTech Solutions
Vanguard Compliance Systems,Tech,"2,400,000",16,Financial Services,https://www.linkedin.com/company/vanguard-compliance-systems,"Vanguard Compliance Systems is a US-based financial services organization serving mid-market customers. The team is modernizing legacy workflows, consolidating vendor tools, and evaluating a co-built platform that can scale with Ideation / Boutique / Startup operations across multiple business units.",https://www.vanguardcompliancesystems.com,,Ideation / Boutique / Startup,"Potential (Ideation, Boutique, Startup)",High Level Overview,tk,10:00 pm,04/15/2026,CEO,https://www.linkedin.com/in/patrick-vanguard-compliance-/,Patrick O'Neill,Small in-house engineering team (3-6 developers) plus one fractional architect.,United States (hybrid; primary hubs in Texas and Illinois).,-,Partial — maintenance work to an offshore boutique; core product roadmap kept internal.,"React, Node.js, PostgreSQL, AWS, Segment, and a mix of REST integrations.","Salesforce, HubSpot, Slack, Jira, and cloud file storage; evaluating ERP consolidation.",AE Note: Patrick confirmed pain around disconnected reporting and manual handoffs between ops and finance. Pre-Sales may be needed if integration scope expands beyond phase one.,Series A,$4.5M,Vanguard Compliance Systems needs a unified ERP/operations platform with reliable integrations and a delivery partner who can co-build without disrupting day-to-day financial services operations.,"SDR Note: Outbound sequence to Patrick O'Neill highlighting tkxel ERP and integration case studies; positive reply within a week. AE Note: On the pre-DC call agenda — replace spreadsheet-driven processes, clarify data model, and outline a phased build.",Mixed,United States,The prospect is the CEO at Vanguard Compliance Systems
Prism Data Collective,Tech,"7,800,000",44,Data Infrastructure,https://www.linkedin.com/company/prism-data-collective,"Prism Data Collective is a US-based data infrastructure organization serving mid-market customers. The team is modernizing legacy workflows, consolidating vendor tools, and evaluating a co-built platform that can scale with SMB operations across multiple business units.",https://www.prismdatacollective.com,,SMB,"Sweet Spot (Funded Start-up, SMB, SME)",High Level Overview,tk,7:00 pm,06/10/2026,VP Engineering,https://www.linkedin.com/in/nadia-prism-data-collectiv/,Nadia Rahman,Small in-house engineering team (3-6 developers) plus one fractional architect.,United States (hybrid; primary hubs in Texas and Illinois).,-,Partial — maintenance work to an offshore boutique; core product roadmap kept internal.,"React, Node.js, PostgreSQL, AWS, Segment, and a mix of REST integrations.","Salesforce, HubSpot, Slack, Jira, and cloud file storage; evaluating ERP consolidation.",AE Note: Nadia confirmed pain around disconnected reporting and manual handoffs between ops and finance. Pre-Sales may be needed if integration scope expands beyond phase one.,-,-,Prism Data Collective needs a unified ERP/operations platform with reliable integrations and a delivery partner who can co-build without disrupting day-to-day data infrastructure operations.,"SDR Note: Outbound sequence to Nadia Rahman highlighting tkxel ERP and integration case studies; positive reply within a week. AE Note: On the pre-DC call agenda — replace spreadsheet-driven processes, clarify data model, and outline a phased build.",Technical,United States,The prospect is the VP Engineering at Prism Data Collective
Redstone Fintech Advisors,Non-Tech,"11,200,000",52,Financial Services,https://www.linkedin.com/company/redstone-fintech-advisors,"Redstone Fintech Advisors is a US-based financial services organization serving mid-market customers. The team is modernizing legacy workflows, consolidating vendor tools, and evaluating a co-built platform that can scale with SMB operations across multiple business units.",https://www.redstonefintechadvisors.com,,SMB,"Sweet Spot (Funded Start-up, SMB, SME)",High Level Overview,tk,9:00 pm,06/10/2026,Managing Director,https://www.linkedin.com/in/chris-redstone-fintech-adv/,Chris Lam,No dedicated dev team; IT managed by MSP with one internal systems analyst.,United States (hybrid; primary hubs in Texas and Illinois).,-,Not for core systems; occasional WordPress and CRM customization via freelancers.,".NET legacy modules, SQL Server, Power BI, Salesforce, and manual Excel bridges.","Salesforce, HubSpot, Slack, Jira, and cloud file storage; evaluating ERP consolidation.",AE Note: Chris confirmed pain around disconnected reporting and manual handoffs between ops and finance. Pre-Sales may be needed if integration scope expands beyond phase one.,-,-,Redstone Fintech Advisors needs a unified ERP/operations platform with reliable integrations and a delivery partner who can co-build without disrupting day-to-day financial services operations.,"SDR Note: Outbound sequence to Chris Lam highlighting tkxel ERP and integration case studies; positive reply within a week. AE Note: On the pre-DC call agenda — replace spreadsheet-driven processes, clarify data model, and outline a phased build.",Mixed,United States,The prospect is the Managing Director at Redstone Fintech Advisors
Evergreen Hospice Network,Non-Tech,"9,500,000",68,Hospitals and Health Care,https://www.linkedin.com/company/evergreen-hospice-network,"Evergreen Hospice Network is a US-based hospitals and health care organization serving mid-market customers. The team is modernizing legacy workflows, consolidating vendor tools, and evaluating a co-built platform that can scale with SMB operations across multiple business units.",https://www.evergreenhospicenetwork.com,,SMB,"Sweet Spot (Funded Start-up, SMB, SME)",High Level Overview,tk,8:00 pm,06/11/2026,Chief Operating Officer,https://www.linkedin.com/in/helen-evergreen-hospice-ne/,Helen Vasquez,No dedicated dev team; IT managed by MSP with one internal systems analyst.,United States (hybrid; primary hubs in Texas and Illinois).,-,Not for core systems; occasional WordPress and CRM customization via freelancers.,".NET legacy modules, SQL Server, Power BI, Salesforce, and manual Excel bridges.","Salesforce, HubSpot, Slack, Jira, and cloud file storage; evaluating ERP consolidation.",AE Note: Helen confirmed pain around disconnected reporting and manual handoffs between ops and finance. Pre-Sales may be needed if integration scope expands beyond phase one.,-,-,Evergreen Hospice Network needs a unified ERP/operations platform with reliable integrations and a delivery partner who can co-build without disrupting day-to-day hospitals and health care operations.,"SDR Note: Outbound sequence to Helen Vasquez highlighting tkxel ERP and integration case studies; positive reply within a week. AE Note: On the pre-DC call agenda — replace spreadsheet-driven processes, clarify data model, and outline a phased build.",Mixed,United States,The prospect is the Chief Operating Officer at Evergreen Hospice Network
Cobalt Aerospace Components,Non-Tech,"18,700,000",112,Aviation & Aerospace,https://www.linkedin.com/company/cobalt-aerospace-components,"Cobalt Aerospace Components is a US-based aviation & aerospace organization serving mid-market customers. The team is modernizing legacy workflows, consolidating vendor tools, and evaluating a co-built platform that can scale with SME operations across multiple business units.",https://www.cobaltaerospacecomponents.com,,SME,"Sweet Spot (Funded Start-up, SMB, SME)",High Level Overview,tk,10:30 pm,06/11/2026,Plant Manager,https://www.linkedin.com/in/ian-cobalt-aerospace-com/,Ian McAllister,No dedicated dev team; IT managed by MSP with one internal systems analyst.,United States (hybrid; primary hubs in Texas and Illinois).,-,Not for core systems; occasional WordPress and CRM customization via freelancers.,".NET legacy modules, SQL Server, Power BI, Salesforce, and manual Excel bridges.","Salesforce, HubSpot, Slack, Jira, and cloud file storage; evaluating ERP consolidation.",AE Note: Ian confirmed pain around disconnected reporting and manual handoffs between ops and finance. Pre-Sales may be needed if integration scope expands beyond phase one.,-,-,Cobalt Aerospace Components needs a unified ERP/operations platform with reliable integrations and a delivery partner who can co-build without disrupting day-to-day aviation & aerospace operations.,"SDR Note: Outbound sequence to Ian McAllister highlighting tkxel ERP and integration case studies; positive reply within a week. AE Note: On the pre-DC call agenda — replace spreadsheet-driven processes, clarify data model, and outline a phased build.",Mixed,United States,The prospect is the Plant Manager at Cobalt Aerospace Components
Northstar Franchise Group,Non-Tech,"26,400,000",88,Franchises,https://www.linkedin.com/company/northstar-franchise-group,"Northstar Franchise Group is a US-based franchises organization serving mid-market customers. The team is modernizing legacy workflows, consolidating vendor tools, and evaluating a co-built platform that can scale with SME operations across multiple business units.",https://www.northstarfranchisegroup.com,,SME,"Sweet Spot (Funded Start-up, SMB, SME)",High Level Overview,tk,7:30 pm,06/12/2026,Chief Executive Officer,https://www.linkedin.com/in/melissa-northstar-franchise-/,Melissa Grant,No dedicated dev team; IT managed by MSP with one internal systems analyst.,United States (hybrid; primary hubs in Texas and Illinois).,-,Not for core systems; occasional WordPress and CRM customization via freelancers.,".NET legacy modules, SQL Server, Power BI, Salesforce, and manual Excel bridges.","Salesforce, HubSpot, Slack, Jira, and cloud file storage; evaluating ERP consolidation.",AE Note: Melissa confirmed pain around disconnected reporting and manual handoffs between ops and finance. Pre-Sales may be needed if integration scope expands beyond phase one.,-,-,Northstar Franchise Group needs a unified ERP/operations platform with reliable integrations and a delivery partner who can co-build without disrupting day-to-day franchises operations.,"SDR Note: Outbound sequence to Melissa Grant highlighting tkxel ERP and integration case studies; positive reply within a week. AE Note: On the pre-DC call agenda — replace spreadsheet-driven processes, clarify data model, and outline a phased build.",Mixed,United States,The prospect is the Chief Executive Officer at Northstar Franchise Group
Slate Education Partners,Non-Tech,"4,900,000",31,Education Management,https://www.linkedin.com/company/slate-education-partners,"Slate Education Partners is a US-based education management organization serving mid-market customers. The team is modernizing legacy workflows, consolidating vendor tools, and evaluating a co-built platform that can scale with SMB operations across multiple business units.",https://www.slateeducationpartners.com,,SMB,"Sweet Spot (Funded Start-up, SMB, SME)",High Level Overview,tk,9:30 pm,06/12/2026,Superintendent,https://www.linkedin.com/in/david-slate-education-part/,David Okonkwo,No dedicated dev team; IT managed by MSP with one internal systems analyst.,United States (hybrid; primary hubs in Texas and Illinois).,-,Not for core systems; occasional WordPress and CRM customization via freelancers.,".NET legacy modules, SQL Server, Power BI, Salesforce, and manual Excel bridges.","Salesforce, HubSpot, Slack, Jira, and cloud file storage; evaluating ERP consolidation.",AE Note: David confirmed pain around disconnected reporting and manual handoffs between ops and finance. Pre-Sales may be needed if integration scope expands beyond phase one.,-,-,Slate Education Partners needs a unified ERP/operations platform with reliable integrations and a delivery partner who can co-build without disrupting day-to-day education management operations.,"SDR Note: Outbound sequence to David Okonkwo highlighting tkxel ERP and integration case studies; positive reply within a week. AE Note: On the pre-DC call agenda — replace spreadsheet-driven processes, clarify data model, and outline a phased build.",Mixed,United States,The prospect is the Superintendent at Slate Education Partners
